chi_square1;degrees_of_freedom1;chi_square_ndof1;chi_square2;degrees_of_freedom2;chi_square_ndof2;fit function;left bin edge 1;right bin edge 1;count of bins 1;left bin edge 2;right bin edge 2;count of bins 2;bootstrap size;product from fit result;number of valid fits
394.9853092250951;242.0;1.6321706992772524;202.30521992068657;61.0;3.3164790150932224;gamma1_gamma3_1;6.5;250.5;244;7.5;70.5;63;200;2.060+/-0.006;200
291.23675049398565;241.0;1.208451246863011;358.38753422010757;191.0;1.8763745247126051;gamma1_gamma3_2;7.5;250.5;243;7.5;200.5;193;200;1.9228+/-0.0014;200
