fit function;variable;condition;left bin edge;right bin edge;count of bins;bootstrap size;amplitude from fit result;exponent from fit result;covariance c_11;covariance c_12;covariance c_22
P_of_S;total dissipation;-;5.0;100.0;94;200;(1.66+/-0.07)e+04;2.590+/-0.016;527759.7841986418;11.227389489987711;0.0002483397660997
P_of_T;lifetime;-;5.0;70.0;64;200;(4.83+/-0.24)e+04;3.019+/-0.020;5670711.242026626;45.9848507171826;0.0003865746682135
P_of_L;spatial linear size;-;5.0;15.0;9;200;(1.05+/-0.13)e+05;3.71+/-0.06;163478512.58464348;734.2064555623076;0.0033961371221605
E_of_S_T;total dissipation;lifetime;5.0;70.0;64;200;0.641+/-0.013;1.603+/-0.008;0.0001622424455241;-9.725882660266348e-05;6.130357049405588e-05
E_of_T_S;lifetime;total dissipation;5.0;100.0;94;200;1.632+/-0.014;1.698+/-0.009;0.000202681967639;0.0001180895750907;7.452255130862508e-05
E_of_S_L;total dissipation;spatial linear size;5.0;20.0;14;200;0.35+/-0.04;2.99+/-0.05;0.0013557775897799;-0.001863787321957;0.0026150379908568
E_of_L_S;spatial linear size;total dissipation;5.0;50.0;44;200;1.027+/-0.011;2.354+/-0.021;0.0001282237024722;0.0002346811589777;0.0004521808552292
E_of_T_L;lifetime;spatial linear size;5.0;20.0;14;200;0.99+/-0.05;1.661+/-0.024;0.0025000010359484;-0.0012142687197016;0.0005993754160127
E_of_L_T;spatial linear size;lifetime;5.0;50.0;44;200;0.934+/-0.010;1.603+/-0.010;9.477826001015648e-05;9.742069258497286e-05;0.0001057795744230049
