chi_square;degrees_of_freedom;fit function;variable;condition;left bin edge;right bin edge;count of bins;bootstrap size;amplitude from fit result;exponent from fit result;covariance c_11;covariance c_12;covariance c_22
99.00754545320032;93.0;P_of_S;total dissipation;-;5.0;100.0;95;200;(1.57+/-0.05)e+04;2.558+/-0.012;283730.18220892746;6.2704486925693885;0.000148560090972
99.74751074374343;63.0;P_of_T;lifetime;-;5.0;70.0;65;200;(4.01+/-0.15)e+04;2.927+/-0.015;2228356.200052223;22.21602040949509;0.0002343113246277
14.79560047086776;8.0;P_of_L;spatial linear size;-;5.0;15.0;10;200;(8.8+/-1.1)e+04;3.68+/-0.06;118630698.83475448;660.4700644033898;0.0037678400263149
227.4398321329556;63.0;E_of_S_T;total dissipation;lifetime;5.0;70.0;65;200;0.616+/-0.011;1.623+/-0.007;0.0001105718514973;-7.051624983606175e-05;4.776004510201021e-05
130.01957843489132;93.0;E_of_T_S;lifetime;total dissipation;5.0;100.0;95;200;1.625+/-0.014;1.689+/-0.009;0.0001986924895327;0.0001208540658327;7.873476737468952e-05
53.82332981466897;13.0;E_of_S_L;total dissipation;spatial linear size;5.0;20.0;15;200;0.40+/-0.04;2.92+/-0.05;0.0016432817662187;-0.0020310292350932;0.0025638977269111
77.29611900733859;43.0;E_of_L_S;spatial linear size;total dissipation;5.0;50.0;45;200;1.030+/-0.012;2.344+/-0.023;0.0001363274180203;0.0002666644959275;0.0005509641515269
32.561646078503344;13.0;E_of_T_L;lifetime;spatial linear size;5.0;20.0;15;200;1.04+/-0.04;1.640+/-0.021;0.0019792235244583;-0.0009205369496125;0.0004385298654026
63.55745802060779;43.0;E_of_L_T;spatial linear size;lifetime;5.0;50.0;45;200;0.932+/-0.009;1.593+/-0.009;7.784248677149967e-05;7.990656774258675e-05;8.835555079455712e-05
