fit function;variable;condition;left bin edge;right bin edge;count of bins;bootstrap size;amplitude from fit result;exponent from fit result;covariance c_11;covariance c_12;covariance c_22
P_of_S;total dissipation;-;5.0;100.0;94;200;(1.42+/-0.05)e+04;2.444+/-0.012;261602.3117383689;6.198986696696153;0.0001532890050144
P_of_T;lifetime;-;5.0;100.0;94;200;(4.82+/-0.15)e+04;2.894+/-0.012;2194190.1176064187;17.331127713025698;0.0001436756949309
P_of_L;spatial linear size;-;5.0;15.0;9;200;(7.9+/-0.8)e+04;3.30+/-0.05;61262043.227878645;373.1709442648785;0.0023264423758631
E_of_S_T;total dissipation;lifetime;5.0;60.0;54;200;0.707+/-0.012;1.552+/-0.006;0.0001354403787046;-7.044256260655588e-05;3.890679400544782e-05
E_of_T_S;lifetime;total dissipation;5.0;100.0;94;200;1.606+/-0.012;1.670+/-0.007;0.0001363639283215;7.715197461985161e-05;4.787466480696579e-05
E_of_S_L;total dissipation;spatial linear size;5.0;20.0;14;200;0.576+/-0.025;2.528+/-0.021;0.00063177383588;-0.0005149485390787;0.0004309588410489
E_of_L_S;spatial linear size;total dissipation;5.0;100.0;94;200;1.021+/-0.009;2.210+/-0.013;7.428830720171154e-05;0.0001098193370861;0.0001741532707804
E_of_T_L;lifetime;spatial linear size;5.0;20.0;14;200;1.235+/-0.034;1.459+/-0.013;0.0011571021531824;-0.0004331528933038;0.0001662873941429
E_of_L_T;spatial linear size;lifetime;5.0;100.0;94;200;0.946+/-0.008;1.527+/-0.006;5.7695813422379484e-05;4.659860842182543e-05;4.04987587796453e-05
