chi_square;degrees_of_freedom;fit function;variable;condition;left bin edge;right bin edge;count of bins;bootstrap size;amplitude from fit result;exponent from fit result;covariance c_11;covariance c_12;covariance c_22
395.0956858362392;297.0;P_of_S;total dissipation;-;1.0;300.0;299;200;(3.89+/-0.05)e+03;2.096+/-0.005;2777.1566272121104;0.2557191741729467;2.481619096561964e-05
221.3272127579501;77.0;P_of_T;lifetime;-;1.0;80.0;79;200;(4.34+/-0.05)e+03;2.012+/-0.006;2950.356214882967;0.2961282696233825;3.06524704878337e-05
138.50284150159143;22.0;P_of_L;spatial linear size;-;1.0;25.0;24;200;(4.4+/-1.3)e+03;1.9+/-0.5;1785657.9385413954;708.2152112411242;0.2811717948149665
2089.1295731346463;147.0;E_of_S_T;total dissipation;lifetime;1.0;150.0;149;200;1.000+/-0.008;1.4071+/-0.0030;5.694447863598058e-05;-2.104986772450356e-05;8.867150719324037e-06
443.8454727265964;296.0;E_of_T_S;lifetime;total dissipation;2.0;300.0;298;200;1.508+/-0.008;1.568+/-0.004;6.274073893189557e-05;3.0100501099534296e-05;1.7435180305761893e-05
175.00125334609442;25.0;E_of_S_L;total dissipation;spatial linear size;3.0;30.0;27;200;0.996+/-0.018;1.952+/-0.009;0.0003383396001171;-0.0001549531201238;7.643546393145374e-05
233.54224281303132;142.0;E_of_L_S;spatial linear size;total dissipation;6.0;150.0;144;200;0.978+/-0.009;1.831+/-0.009;8.353984917877663e-05;7.608926695678571e-05;7.55851875321169e-05
311.8103463042188;26.0;E_of_T_L;lifetime;spatial linear size;2.0;30.0;28;200;1.526+/-0.013;1.213+/-0.004;0.0001614647902478;-4.87042288353991e-05;1.6118685388553008e-05
221.35499940589705;66.0;E_of_L_T;spatial linear size;lifetime;2.0;70.0;68;200;0.795+/-0.004;1.2259+/-0.0029;1.9511187872448715e-05;1.1978323825003321e-05;8.414243522865809e-06
