chi_square1;degrees_of_freedom1;chi_square_ndof1;chi_square2;degrees_of_freedom2;chi_square_ndof2;fit function;left bin edge 1;right bin edge 1;count of bins 1;left bin edge 2;right bin edge 2;count of bins 2;bootstrap size;product from fit result;number of valid fits
130.31614875583674;138.0;0.944319918520556;44.0905358276324;23.0;1.9169798185927127;gamma1_gamma3_1;10.5;150.5;140;5.5;30.5;25;200;1.981+/-0.013;200
536.2334036145888;296.0;1.8115993365357732;52.66912509712096;58.0;0.9080883637434648;gamma1_gamma3_2;2.5;300.5;298;10.5;70.5;60;200;1.9023+/-0.0031;200
