chi_square;degrees_of_freedom;fit function;variable;condition;left bin edge;right bin edge;count of bins;bootstrap size;amplitude from fit result;exponent from fit result;covariance c_11;covariance c_12;covariance c_22
398.72269209133793;297.0;P_of_S;total dissipation;-;1.5;300.5;299;200;(3.13+/-0.05)e+03;2.047+/-0.005;2536.8023794178284;0.26318656465536;2.936715570200103e-05
180.5559370705732;77.0;P_of_T;lifetime;-;1.5;80.5;79;200;(3.97+/-0.06)e+03;1.997+/-0.006;3833.626424849056;0.3770553304949083;3.90894207236566e-05
412.761171093998;22.0;P_of_L;spatial linear size;-;1.5;25.5;24;200;(3.23+/-0.06)e+03;1.822+/-0.009;3783.7638186130966;0.5519464545361499;8.758936475709357e-05
131.03400309205324;138.0;E_of_S_T;total dissipation;lifetime;10.5;150.5;140;200;0.610+/-0.011;1.549+/-0.005;0.000112645514894;-5.165046501115492e-05;2.472302493225197e-05
509.4634028411517;296.0;E_of_T_S;lifetime;total dissipation;2.5;300.5;298;200;1.363+/-0.006;1.5187+/-0.0029;3.281020131512469e-05;1.4904976964833727e-05;8.232107968660457e-06
39.53203781058207;20.0;E_of_S_L;total dissipation;spatial linear size;8.5;30.5;22;200;0.66+/-0.04;2.112+/-0.022;0.0015349844754748;-0.0008443257353263;0.0004719429947496
171.39810925530534;137.0;E_of_L_S;spatial linear size;total dissipation;11.5;150.5;139;200;1.009+/-0.013;1.866+/-0.012;0.0001691780699518;0.0001484522248535;0.0001357525516327
43.77907394389522;23.0;E_of_T_L;lifetime;spatial linear size;5.5;30.5;25;200;1.309+/-0.023;1.279+/-0.007;0.000529029969374;-0.0001603369148241;5.04294744472083e-05
52.21732380715303;58.0;E_of_L_T;spatial linear size;lifetime;10.5;70.5;60;200;0.827+/-0.012;1.253+/-0.007;0.00015227076283978383;8.737975695875737e-05;5.126266308401056e-05
