chi_square;degrees_of_freedom;fit function;variable;condition;left bin edge;right bin edge;count of bins;bootstrap size;amplitude from fit result;exponent from fit result;covariance c_11;covariance c_12;covariance c_22
402.2684659678807;297.0;P_of_S;total dissipation;-;1.5;300.5;299;200;(3.13+/-0.05)e+03;2.047+/-0.005;2169.4648019673614;0.2143577604477905;2.317314538153307e-05
184.10058569334944;77.0;P_of_T;lifetime;-;1.5;80.5;79;200;(3.98+/-0.06)e+03;1.998+/-0.006;3689.454998845108;0.3750559002492548;4.033465210761084e-05
436.1767938255375;22.0;P_of_L;spatial linear size;-;1.5;25.5;24;200;(3.24+/-0.06)e+03;1.821+/-0.009;3839.035459315692;0.5439009631280401;8.393879579055269e-05
137.81973525485435;138.0;E_of_S_T;total dissipation;lifetime;10.5;150.5;140;200;0.611+/-0.011;1.548+/-0.005;0.0001165574332905;-5.172622977956053e-05;2.4269413162432748e-05
536.0660326246377;296.0;E_of_T_S;lifetime;total dissipation;2.5;300.5;298;200;1.365+/-0.006;1.5195+/-0.0028;3.060986310826081e-05;1.3912283731241455e-05;7.585802164865541e-06
34.505930844576696;20.0;E_of_S_L;total dissipation;spatial linear size;8.5;30.5;22;200;0.65+/-0.04;2.118+/-0.020;0.0012719520738035;-0.0007063983075072;0.000398555319055
167.00289563589723;137.0;E_of_L_S;spatial linear size;total dissipation;11.5;150.5;139;200;1.015+/-0.014;1.871+/-0.012;0.0001859230782582;0.0001643459724873;0.0001517010836147
41.54482300950947;23.0;E_of_T_L;lifetime;spatial linear size;5.5;30.5;25;200;1.301+/-0.026;1.281+/-0.008;0.000693141530206;-0.0002111274789777;6.59731812327372e-05
51.932594193731546;58.0;E_of_L_T;spatial linear size;lifetime;10.5;70.5;60;200;0.826+/-0.012;1.253+/-0.007;0.0001397048779283517;8.107841190588318e-05;4.8448689383948846e-05
