chi_square1;degrees_of_freedom1;chi_square_ndof1;chi_square2;degrees_of_freedom2;chi_square_ndof2;fit function;left bin edge 1;right bin edge 1;count of bins 1;left bin edge 2;right bin edge 2;count of bins 2;bootstrap size;product from fit result;number of valid fits
249.58987160788053;242.0;1.0313631058176882;94.68798338787497;61.0;1.5522620227520485;gamma1_gamma3_1;6.5;250.5;244;7.5;70.5;63;200;2.064+/-0.011;200
256.7302203386784;241.0;1.0652706238119436;297.6157171424622;191.0;1.5581974719500638;gamma1_gamma3_2;7.5;250.5;243;7.5;200.5;193;200;1.9238+/-0.0023;200
