chi_square;degrees_of_freedom;chi_square_ndof;fit function;variable;condition;left bin edge;right bin edge;count of bins;bootstrap size;amplitude from fit result;exponent from fit result;covariance c_11;covariance c_12;covariance c_22
388.3565313057152;297.0;1.3075977485040915;P_of_S;total dissipation;-;1.5;300.5;299;200;(3.57+/-0.06)e+03;2.160+/-0.006;3745.888899877322;0.3242667956551967;3.229246623918301e-05
396.4108568588783;297.0;1.334716689760533;P_of_T;lifetime;-;1.5;300.5;299;200;(4.68+/-0.06)e+03;2.157+/-0.005;4208.074536906615;0.3161064646838238;2.5511905389697835e-05
321.40949305621376;47.0;6.838499852259868;P_of_L;spatial linear size;-;1.5;50.5;49;200;(3.62+/-0.07)e+03;2.024+/-0.009;4909.89694119771;0.5763672392852641;7.505706237033333e-05
350.397895231075;245.0;1.4301954907390817;E_of_S_T;total dissipation;lifetime;3.5;250.5;247;200;0.609+/-0.005;1.5561+/-0.0023;2.148706572200834e-05;-1.0016105239228468e-05;5.465023391771584e-06
305.9099180986512;244.0;1.2537291725354558;E_of_T_S;lifetime;total dissipation;4.5;250.5;246;200;1.393+/-0.009;1.528+/-0.005;8.397644444518992e-05;3.842123586451932e-05;2.0284581197459582e-05
216.54598783864083;64.0;3.383531059978764;E_of_S_L;total dissipation;spatial linear size;4.5;70.5;66;200;0.786+/-0.021;2.041+/-0.010;0.0004202811764729;-0.0001931872051441;9.341712085349438e-05
136.4618085220162;92.0;1.4832805274132197;E_of_L_S;spatial linear size;total dissipation;6.5;100.5;94;200;0.917+/-0.012;1.773+/-0.012;0.0001416878614219;0.0001381629952887;0.0001436459676601
226.8310787897791;65.0;3.48970890445814;E_of_T_L;lifetime;spatial linear size;3.5;70.5;67;200;1.387+/-0.015;1.252+/-0.004;0.000217366289389;-5.8950960099583416e-05;1.7290077337045346e-05
343.11638286208745;193.0;1.777805092549676;E_of_L_T;spatial linear size;lifetime;5.5;200.5;195;200;0.790+/-0.005;1.2340+/-0.0027;2.3812156284068093e-05;1.2733289354994475e-05;7.516112117653983e-06
