chi_square1;degrees_of_freedom1;chi_square_ndof1;chi_square2;degrees_of_freedom2;chi_square_ndof2;fit function;left bin edge 1;right bin edge 1;count of bins 1;left bin edge 2;right bin edge 2;count of bins 2;bootstrap size;product from fit result;number of valid fits
342.9182037628509;245.0;1.3996661378075548;223.18978558667703;65.0;3.4336890090258003;gamma1_gamma3_1;3.5;250.5;247;3.5;70.5;67;200;1.954+/-0.007;200
285.66688405939794;244.0;1.1707659182762211;341.8301174324782;193.0;1.7711405048314932;gamma1_gamma3_2;4.5;250.5;246;5.5;200.5;195;200;1.8854+/-0.0019;200
