chi_square;degrees_of_freedom;fit function;variable;condition;left bin edge;right bin edge;count of bins;bootstrap size;amplitude from fit result;exponent from fit result;covariance c_11;covariance c_12;covariance c_22
420.68855011887774;297.0;P_of_S;total dissipation;-;1.0;300.0;299;200;(4.81+/-0.06)e+03;2.232+/-0.006;4214.332609549128;0.3591491815981544;3.329945462900385e-05
389.55292427468896;297.0;P_of_T;lifetime;-;1.0;300.0;299;200;(5.48+/-0.06)e+03;2.189+/-0.004;3139.719027064983;0.2338294394959852;1.7919493547571836e-05
120.1473643912951;47.0;P_of_L;spatial linear size;-;1.0;50.0;49;200;(4.78+/-0.07)e+03;2.110+/-0.007;4294.436843138418;0.44253638292118;5.021194416434155e-05
1055.0163359438152;245.0;E_of_S_T;total dissipation;lifetime;3.0;250.0;247;200;0.775+/-0.007;1.5021+/-0.0031;4.805426556335172e-05;-2.003544497167096e-05;9.493512458483757e-06
327.9927545044024;244.0;E_of_T_S;lifetime;total dissipation;4.0;250.0;246;200;1.488+/-0.011;1.556+/-0.005;0.0001167139360309;5.3327932993930655e-05;2.760084828590581e-05
244.60976821289609;64.0;E_of_S_L;total dissipation;spatial linear size;4.0;70.0;66;200;0.778+/-0.016;2.039+/-0.009;0.0002640490689346;-0.0001345295993726;7.269351813779408e-05
135.02111927198766;92.0;E_of_L_S;spatial linear size;total dissipation;6.0;100.0;94;200;0.962+/-0.012;1.802+/-0.013;0.0001526158888405;0.0001562528736468;0.00016963686446
224.4135756305688;65.0;E_of_T_L;lifetime;spatial linear size;3.0;70.0;67;200;1.338+/-0.012;1.260+/-0.004;0.0001549896536477;-4.371292407208233e-05;1.37060323210473e-05
279.7612846800144;193.0;E_of_L_T;spatial linear size;lifetime;5.0;200.0;195;200;0.854+/-0.006;1.2595+/-0.0035;3.921751803768768e-05;2.0840976556800046e-05;1.2171217978527197e-05
