chi_square;degrees_of_freedom;fit function;variable;condition;left bin edge;right bin edge;count of bins;bootstrap size;amplitude from fit result;exponent from fit result;covariance c_11;covariance c_12;covariance c_22
384.4123927311888;297.0;P_of_S;total dissipation;-;1.5;300.5;299;200;(3.56+/-0.06)e+03;2.159+/-0.006;3420.2102078370594;0.3068795536515055;3.1561657626851315e-05
388.4032224730596;297.0;P_of_T;lifetime;-;1.5;300.5;299;200;(4.72+/-0.07)e+03;2.158+/-0.005;4343.654537485418;0.3096761180663501;2.377734867246656e-05
279.5201949429652;47.0;P_of_L;spatial linear size;-;1.5;50.5;49;200;(3.56+/-0.07)e+03;2.020+/-0.009;4824.98484080222;0.5808201714419595;7.677958742230962e-05
338.3548211194853;245.0;E_of_S_T;total dissipation;lifetime;3.5;250.5;247;200;0.606+/-0.005;1.5579+/-0.0025;2.073935083817056e-05;-1.051415047025241e-05;6.152474000700612e-06
300.041064475997;244.0;E_of_T_S;lifetime;total dissipation;4.5;250.5;246;200;1.393+/-0.009;1.528+/-0.004;7.57904440326484e-05;3.563002000957968e-05;1.886208092068588e-05
215.02306239114543;64.0;E_of_S_L;total dissipation;spatial linear size;4.5;70.5;66;200;0.789+/-0.019;2.040+/-0.009;0.0003662470830727;-0.0001685718397205;8.249463522088367e-05
134.5923552485831;92.0;E_of_L_S;spatial linear size;total dissipation;6.5;100.5;94;200;0.916+/-0.011;1.772+/-0.011;0.0001229662704864;0.0001207746360931;0.000127901655384
232.0340457213438;65.0;E_of_T_L;lifetime;spatial linear size;3.5;70.5;67;200;1.392+/-0.015;1.250+/-0.004;0.0002219252114522;-6.2559190505405e-05;1.9187559382343856e-05
342.6812494909418;193.0;E_of_L_T;spatial linear size;lifetime;5.5;200.5;195;200;0.789+/-0.005;1.2332+/-0.0027;2.5348494314196155e-05;1.3221970309099273e-05;7.5382994978884085e-06
