chi_square;degrees_of_freedom;fit function;variable;condition;left bin edge;right bin edge;count of bins;bootstrap size;amplitude from fit result;exponent from fit result;covariance c_11;covariance c_12;covariance c_22
386.4525180494505;297.0;P_of_S;total dissipation;-;1.5;300.5;299;200;(3.55+/-0.06)e+03;2.158+/-0.006;4103.096635441453;0.3836278719323588;4.0052940661099735e-05
387.20006976020727;297.0;P_of_T;lifetime;-;1.5;300.5;299;200;(4.71+/-0.07)e+03;2.158+/-0.005;4956.807984161473;0.3648357461757116;2.8739737154758683e-05
314.86003259496385;47.0;P_of_L;spatial linear size;-;1.5;50.5;49;200;(3.66+/-0.07)e+03;2.027+/-0.008;4313.617747246691;0.4943585964551314;6.339253865927946e-05
343.47125555170675;245.0;E_of_S_T;total dissipation;lifetime;3.5;250.5;247;200;0.610+/-0.005;1.5560+/-0.0027;2.6337824217509576e-05;-1.2957838186712491e-05;7.250250914817748e-06
283.3657608131879;244.0;E_of_T_S;lifetime;total dissipation;4.5;250.5;246;200;1.393+/-0.009;1.527+/-0.004;7.540469820789272e-05;3.373312780934197e-05;1.7033201238306764e-05
214.65673451534587;64.0;E_of_S_L;total dissipation;spatial linear size;4.5;70.5;66;200;0.783+/-0.018;2.042+/-0.009;0.0003304328135221;-0.0001490678636675;7.307250323676822e-05
137.365403707623;92.0;E_of_L_S;spatial linear size;total dissipation;6.5;100.5;94;200;0.918+/-0.011;1.774+/-0.012;0.0001260447856858;0.0001277756272021;0.0001376690621718
227.61583549325724;65.0;E_of_T_L;lifetime;spatial linear size;3.5;70.5;67;200;1.382+/-0.015;1.252+/-0.004;0.000224907630961;-6.113740554843345e-05;1.7880197153462855e-05
341.60943968406986;193.0;E_of_L_T;spatial linear size;lifetime;5.5;200.5;195;200;0.790+/-0.005;1.2338+/-0.0030;2.913155725730706e-05;1.5438302231525397e-05;9.027951925951642e-06
