fit function;variable;condition;left bin edge;right bin edge;count of bins;bootstrap size;amplitude from fit result;exponent from fit result;covariance c_11;covariance c_12;covariance c_22
P_of_S;total dissipation;-;5.0;500.0;494;200;(5.72+/-0.12)e+03;2.095+/-0.006;15151.45875235994;0.6759235605040237;3.147411034997646e-05
P_of_T;lifetime;-;5.0;100.0;94;200;(1.004+/-0.025)e+04;2.161+/-0.008;62382.77135406474;2.0294991210140227;6.832249669400201e-05
P_of_L;spatial linear size;-;5.0;30.0;24;200;(1.24+/-0.05)e+04;2.166+/-0.017;278288.2722584038;8.9454664775677;0.0002945407338309
E_of_S_T;total dissipation;lifetime;5.0;120.0;114;200;0.760+/-0.008;1.4946+/-0.0032;6.232270374241035e-05;-2.461238768555924e-05;1.0410949116258814e-05
E_of_T_S;lifetime;total dissipation;5.0;400.0;394;200;1.513+/-0.008;1.5718+/-0.0031;5.95961409854637e-05;2.274577497136157e-05;9.56639381401716e-06
E_of_S_L;total dissipation;spatial linear size;5.0;20.0;14;200;0.842+/-0.027;2.017+/-0.014;0.0007178355454738;-0.000373148587953;0.0001986822911939
E_of_L_S;spatial linear size;total dissipation;5.0;400.0;394;200;1.006+/-0.006;1.878+/-0.005;3.602877456963623e-05;3.063744081210005e-05;2.8332696152367088e-05
E_of_T_L;lifetime;spatial linear size;5.0;20.0;14;200;1.318+/-0.022;1.272+/-0.007;0.0004845680282465;-0.0001565137994;5.237983421626343e-05
E_of_L_T;spatial linear size;lifetime;5.0;100.0;94;200;0.874+/-0.006;1.2840+/-0.0032;3.073157002598481e-05;1.7315189473826883e-05;1.0440365957315448e-05
