chi_square;degrees_of_freedom;chi_square_ndof;fit function;variable;condition;left bin edge;right bin edge;count of bins;bootstrap size;amplitude from fit result;exponent from fit result;covariance c_11;covariance c_12;covariance c_22
221.5622238234788;147.0;1.5072260124046175;P_of_S;total dissipation;-;1.5;150.5;149;200;(7.97+/-0.11)e+03;2.452+/-0.007;12946.539100384733;0.6862785580681525;4.3161641475335614e-05
351.8288498037604;86.0;4.091033137253027;P_of_T;lifetime;-;2.5;90.5;88;200;(1.597+/-0.031)e+04;2.744+/-0.009;97112.95380037186;2.6430007959002766;8.332923592584616e-05
163.22744976784372;7.0;23.31820710969196;P_of_L;spatial linear size;-;1.5;10.5;9;200;(1.038+/-0.022)e+04;2.717+/-0.016;49863.145883139085;3.245878478761705;0.0002621489878843
77.1989342243931;68.0;1.135278444476369;E_of_S_T;total dissipation;lifetime;10.5;80.5;70;200;0.445+/-0.018;1.708+/-0.013;0.0003197876664608;-0.0002352499344816;0.0001780444910064
345.35253613387044;96.0;3.597422251394484;E_of_T_S;lifetime;total dissipation;2.5;100.5;98;200;1.372+/-0.006;1.563+/-0.005;3.676181606222334e-05;2.515749157683243e-05;2.1584600674003035e-05
15.371796096282967;12.0;1.280983008023581;E_of_S_L;total dissipation;spatial linear size;6.5;20.5;14;200;0.25+/-0.04;3.14+/-0.07;0.001678683814574;-0.0029299139727842;0.0052201200094613
132.03160806200808;88.0;1.500359182522819;E_of_L_S;spatial linear size;total dissipation;10.5;100.5;90;200;1.154+/-0.019;2.583+/-0.032;0.0003459459800642;0.0005818078073556;0.0010180661280839
17.283444929797643;13.0;1.329495763830588;E_of_T_L;lifetime;spatial linear size;5.5;20.5;15;200;1.03+/-0.06;1.652+/-0.027;0.0034221745193819;-0.0015472450735539;0.0007114872555262
145.01871382039477;92.0;1.5762903676129867;E_of_L_T;spatial linear size;lifetime;6.5;100.5;94;200;0.951+/-0.012;1.641+/-0.012;0.00015436944900321009;0.0001506847277776283;0.0001544220473644063
