chi_square;degrees_of_freedom;fit function;variable;condition;left bin edge;right bin edge;count of bins;bootstrap size;amplitude from fit result;exponent from fit result;covariance c_11;covariance c_12;covariance c_22
168.6476682902223;147.0;P_of_S;total dissipation;-;1.0;150.0;149;200;(1.147+/-0.012)e+04;2.550+/-0.006;13819.051853379127;0.749604330331232;4.201976207957116e-05
359.7364665044855;86.0;P_of_T;lifetime;-;2.0;90.0;88;200;(1.891+/-0.029)e+04;2.774+/-0.008;81486.16623579442;2.072795651659013;6.040263874599429e-05
212.23929791713024;7.0;P_of_L;spatial linear size;-;1.0;10.0;9;200;(1.256+/-0.017)e+04;2.738+/-0.013;27503.203769646705;1.95756503320064;0.0001638674290862
2342.150774175258;77.0;E_of_S_T;total dissipation;lifetime;1.0;80.0;79;200;1.000+/-0.009;1.404+/-0.006;8.718017335651087e-05;-5.039589888623629e-05;3.253317301397489e-05
175.1217173693419;96.0;E_of_T_S;lifetime;total dissipation;2.0;100.0;98;200;1.575+/-0.009;1.656+/-0.006;7.783964142402255e-05;5.1922283488544456e-05;4.077916682536037e-05
290.79898830720606;16.0;E_of_S_L;total dissipation;spatial linear size;2.0;20.0;18;200;0.941+/-0.023;2.479+/-0.017;0.0005077034561295;-0.0003686605204443;0.000287809820858
146.48311362102774;88.0;E_of_L_S;spatial linear size;total dissipation;10.0;100.0;90;200;1.173+/-0.024;2.59+/-0.04;0.0005600177147423;0.0009898260501346;0.0018089035729936
1363.019832827782;17.0;E_of_T_L;lifetime;spatial linear size;1.0;20.0;19;200;2.068+/-0.012;1.239+/-0.006;0.0001512112620991;-6.09907760455417e-05;3.119140301160922e-05
391.1209612218103;95.0;E_of_L_T;spatial linear size;lifetime;3.0;100.0;97;200;0.892+/-0.008;1.568+/-0.012;6.091427933749714e-05;8.891982317512008e-05;0.0001409734072073453
