chi_square;degrees_of_freedom;fit function;variable;condition;left bin edge;right bin edge;count of bins;bootstrap size;amplitude from fit result;exponent from fit result;covariance c_11;covariance c_12;covariance c_22
224.46283761682176;147.0;P_of_S;total dissipation;-;1.5;150.5;149;200;(8.00+/-0.11)e+03;2.453+/-0.006;12042.517135549171;0.6404377057794282;4.0942641563322056e-05
361.1561671728919;86.0;P_of_T;lifetime;-;2.5;90.5;88;200;(1.564+/-0.030)e+04;2.739+/-0.009;89668.61592242026;2.547620971708449;8.21067619900739e-05
167.18711150005402;7.0;P_of_L;spatial linear size;-;1.5;10.5;9;200;(1.033+/-0.026)e+04;2.706+/-0.019;65970.24843399214;4.623938086803714;0.0003632710004303
79.93698784845532;68.0;E_of_S_T;total dissipation;lifetime;10.5;80.5;70;200;0.447+/-0.019;1.706+/-0.014;0.0003459699027627;-0.0002515243005086;0.000188271911705
350.4075893784397;96.0;E_of_T_S;lifetime;total dissipation;2.5;100.5;98;200;1.368+/-0.007;1.559+/-0.005;4.526660000763414e-05;3.0520343863146764e-05;2.4946680663643743e-05
15.18534618031894;12.0;E_of_S_L;total dissipation;spatial linear size;6.5;20.5;14;200;0.25+/-0.04;3.13+/-0.07;0.0015422604100694;-0.002647169309449;0.0046219599247658
129.98220574371084;88.0;E_of_L_S;spatial linear size;total dissipation;10.5;100.5;90;200;1.155+/-0.020;2.585+/-0.034;0.0003829603979549;0.0006514360475179;0.0011527024258518
17.649666724124412;13.0;E_of_T_L;lifetime;spatial linear size;5.5;20.5;15;200;1.03+/-0.05;1.650+/-0.024;0.0027978940365929;-0.0012320206628876;0.0005567848806169
147.89927592945682;92.0;E_of_L_T;spatial linear size;lifetime;6.5;100.5;94;200;0.949+/-0.012;1.639+/-0.012;0.000151250504622821;0.0001438037068424673;0.0001424048606312611
