chi_square;degrees_of_freedom;fit function;variable;condition;left bin edge;right bin edge;count of bins;bootstrap size;amplitude from fit result;exponent from fit result;covariance c_11;covariance c_12;covariance c_22
217.204561866068;147.0;P_of_S;total dissipation;-;1.5;150.5;149;200;(8.03+/-0.11)e+03;2.454+/-0.007;12746.26401599276;0.7029327114899457;4.534919463287423e-05
340.3603969015712;86.0;P_of_T;lifetime;-;2.5;90.5;88;200;(1.588+/-0.031)e+04;2.744+/-0.009;95894.70146064035;2.6733541311582263;8.394287660920291e-05
159.10958375871704;7.0;P_of_L;spatial linear size;-;1.5;10.5;9;200;(1.022+/-0.024)e+04;2.697+/-0.018;57017.11311401223;4.090980509423694;0.0003402551286325
81.30660561848907;68.0;E_of_S_T;total dissipation;lifetime;10.5;80.5;70;200;0.444+/-0.019;1.709+/-0.014;0.0003560908331008;-0.000255743279884;0.0001882765791787
338.9876272001403;96.0;E_of_T_S;lifetime;total dissipation;2.5;100.5;98;200;1.376+/-0.006;1.565+/-0.005;3.543615013123663e-05;2.47865786241738e-05;2.1083620094961888e-05
15.385839367149394;12.0;E_of_S_L;total dissipation;spatial linear size;6.5;20.5;14;200;0.24+/-0.04;3.15+/-0.06;0.0012844672645958;-0.0022901572176923;0.0041584462863237
123.8951463647904;88.0;E_of_L_S;spatial linear size;total dissipation;10.5;100.5;90;200;1.152+/-0.020;2.577+/-0.033;0.0003825461320852;0.0006250159436489;0.0010599095801608
18.2183014470589;13.0;E_of_T_L;lifetime;spatial linear size;5.5;20.5;15;200;1.04+/-0.06;1.649+/-0.027;0.0036604968613759;-0.0016381140521471;0.0007477299409448
145.63860011130942;92.0;E_of_L_T;spatial linear size;lifetime;6.5;100.5;94;200;0.950+/-0.011;1.640+/-0.011;0.00011039809135257501;0.0001094945443346089;0.00011431938855848399
