chi_square1;degrees_of_freedom1;chi_square_ndof1;chi_square2;degrees_of_freedom2;chi_square_ndof2;fit function;left bin edge 1;right bin edge 1;count of bins 1;left bin edge 2;right bin edge 2;count of bins 2;bootstrap size;product from fit result;number of valid fits
367.9880367672803;245.0;1.5019919868052256;253.61676464770352;65.0;3.901796379195439;gamma1_gamma3_1;3.5;250.5;247;3.5;70.5;67;200;1.961+/-0.007;200
344.8021034307838;244.0;1.413123374716327;374.22988608329325;193.0;1.939014953799447;gamma1_gamma3_2;4.5;250.5;246;5.5;200.5;195;200;1.9048+/-0.0018;200
