chi_square;degrees_of_freedom;chi_square_ndof;fit function;variable;condition;left bin edge;right bin edge;count of bins;bootstrap size;amplitude from fit result;exponent from fit result;covariance c_11;covariance c_12;covariance c_22
323.5016986997614;297.0;1.0892313087534051;P_of_S;total dissipation;-;1.5;300.5;299;200;(3.41+/-0.06)e+03;2.143+/-0.006;4001.107824986439;0.3707345831417744;3.819879707702336e-05
343.23034927118084;295.0;1.1634927093938334;P_of_T;lifetime;-;3.5;300.5;297;200;(4.99+/-0.11)e+03;2.168+/-0.007;11749.003863635033;0.6867608344254064;4.282715866019808e-05
263.6972017538431;47.0;5.610578760720066;P_of_L;spatial linear size;-;1.5;50.5;49;200;(3.47+/-0.07)e+03;2.001+/-0.008;4387.865842393684;0.5086350797509509;6.474529830368495e-05
319.866615010294;242.0;1.3217628719433636;E_of_S_T;total dissipation;lifetime;6.5;250.5;244;200;0.564+/-0.007;1.5746+/-0.0033;4.669873013177778e-05;-2.158755711386382e-05;1.0857266268929114e-05
300.3248547039409;241.0;1.246161222837929;E_of_T_S;lifetime;total dissipation;7.5;250.5;243;200;1.451+/-0.013;1.549+/-0.006;0.0001796255742399;7.327671869913087e-05;3.2372217474447726e-05
129.82695049191005;61.0;2.128310663801804;E_of_S_L;total dissipation;spatial linear size;7.5;70.5;63;200;0.584+/-0.020;2.135+/-0.012;0.0003857821295927;-0.0002266661828606;0.0001388493618034
136.71916837131167;92.0;1.486077917079475;E_of_L_S;spatial linear size;total dissipation;6.5;100.5;94;200;0.897+/-0.011;1.752+/-0.011;0.0001129116375305;0.0001163446313732;0.0001270490855177
123.12229589646604;61.0;2.0183982933846893;E_of_T_L;lifetime;spatial linear size;7.5;70.5;63;200;1.151+/-0.024;1.313+/-0.007;0.0005875957709157;-0.000168923120138;4.9974433455487926e-05
308.02764768977596;191.0;1.61271019732867;E_of_L_T;spatial linear size;lifetime;7.5;200.5;193;200;0.830+/-0.007;1.2558+/-0.0035;4.541718644160524e-05;2.2814885733154714e-05;1.230442603549327e-05
