chi_square;degrees_of_freedom;fit function;variable;condition;left bin edge;right bin edge;count of bins;bootstrap size;amplitude from fit result;exponent from fit result;covariance c_11;covariance c_12;covariance c_22
326.9263253727861;297.0;P_of_S;total dissipation;-;1.5;300.5;299;200;(3.40+/-0.06)e+03;2.142+/-0.006;3448.046069559492;0.3386271071091516;3.614088205192558e-05
360.9232943362172;297.0;P_of_T;lifetime;-;1.5;300.5;299;200;(4.55+/-0.06)e+03;2.144+/-0.005;4069.368657796817;0.3044578459180441;2.4321955437459434e-05
259.53614559475864;47.0;P_of_L;spatial linear size;-;1.5;50.5;49;200;(3.53+/-0.08)e+03;2.007+/-0.009;5713.780071002986;0.6944291885864269;9.011419706139316e-05
369.4030831482879;245.0;E_of_S_T;total dissipation;lifetime;3.5;250.5;247;200;0.599+/-0.004;1.5594+/-0.0021;1.7570814469607324e-05;-8.063847255251474e-06;4.34981096701297e-06
363.20200636591255;244.0;E_of_T_S;lifetime;total dissipation;4.5;250.5;246;200;1.411+/-0.009;1.535+/-0.004;8.44175870482985e-05;3.892271151659991e-05;1.9940007061459133e-05
263.0154685868539;64.0;E_of_S_L;total dissipation;spatial linear size;4.5;70.5;66;200;0.771+/-0.019;2.046+/-0.009;0.0003766297852175;-0.000176845878217;8.774435180604254e-05
139.47914790469986;92.0;E_of_L_S;spatial linear size;total dissipation;6.5;100.5;94;200;0.899+/-0.011;1.755+/-0.012;0.0001287724439586;0.0001294336641581;0.0001385730957349
268.63424878475206;65.0;E_of_T_L;lifetime;spatial linear size;3.5;70.5;67;200;1.384+/-0.014;1.254+/-0.004;0.0002033652733207;-5.3783518251346815e-05;1.605478500905701e-05
373.755212009572;193.0;E_of_L_T;spatial linear size;lifetime;5.5;200.5;195;200;0.799+/-0.005;1.2414+/-0.0030;2.8756278538682283e-05;1.5273011169298428e-05;8.899244547438649e-06
