chi_square;degrees_of_freedom;fit function;variable;condition;left bin edge;right bin edge;count of bins;bootstrap size;amplitude from fit result;exponent from fit result;covariance c_11;covariance c_12;covariance c_22
405.4575603479849;297.0;P_of_S;total dissipation;-;1.0;300.0;299;200;(4.67+/-0.06)e+03;2.221+/-0.005;3240.568749263305;0.2608038452915332;2.3870591149239853e-05
365.4955525540774;297.0;P_of_T;lifetime;-;1.0;300.0;299;200;(5.24+/-0.06)e+03;2.173+/-0.004;3446.878481652736;0.2582520961029344;2.0074582265508024e-05
129.62430184232437;47.0;P_of_L;spatial linear size;-;1.0;50.0;49;200;(4.68+/-0.07)e+03;2.095+/-0.007;4658.744437812701;0.490887649480244;5.5691786462652814e-05
1030.5477343226814;245.0;E_of_S_T;total dissipation;lifetime;3.0;250.0;247;200;0.764+/-0.007;1.5056+/-0.0033;5.537725999600176e-05;-2.301211090619604e-05;1.073092473093244e-05
318.9239987556015;244.0;E_of_T_S;lifetime;total dissipation;4.0;250.0;246;200;1.504+/-0.011;1.562+/-0.006;0.0001241454046779;5.9380358289131325e-05;3.205605189138841e-05
288.7499804506624;64.0;E_of_S_L;total dissipation;spatial linear size;4.0;70.0;66;200;0.799+/-0.017;2.028+/-0.008;0.0002868117701067;-0.0001394587589546;7.175649994889323e-05
142.855267061839;92.0;E_of_L_S;spatial linear size;total dissipation;6.0;100.0;94;200;0.948+/-0.011;1.791+/-0.012;0.000131762999264;0.0001306436209914;0.0001391424467207
282.42871222047233;65.0;E_of_T_L;lifetime;spatial linear size;3.0;70.0;67;200;1.338+/-0.014;1.262+/-0.004;0.0001997271813331;-5.434289615703302e-05;1.5934524346579597e-05
309.84318322554054;193.0;E_of_L_T;spatial linear size;lifetime;5.0;200.0;195;200;0.858+/-0.006;1.2637+/-0.0034;4.0462280552158484e-05;2.0853404773409755e-05;1.1752621420083914e-05
