chi_square;degrees_of_freedom;fit function;variable;condition;left bin edge;right bin edge;count of bins;bootstrap size;amplitude from fit result;exponent from fit result;covariance c_11;covariance c_12;covariance c_22
324.4839888086429;297.0;P_of_S;total dissipation;-;1.5;300.5;299;200;(3.42+/-0.06)e+03;2.143+/-0.006;3929.943541010729;0.3670940678305962;3.880618624586768e-05
382.06676900051485;297.0;P_of_T;lifetime;-;1.5;300.5;299;200;(4.52+/-0.06)e+03;2.144+/-0.005;3612.314939464428;0.2754419905196374;2.29688602839044e-05
276.9526736802387;47.0;P_of_L;spatial linear size;-;1.5;50.5;49;200;(3.50+/-0.07)e+03;2.004+/-0.008;4285.123151046352;0.5062259891139893;6.575761131364708e-05
357.99970381121176;245.0;E_of_S_T;total dissipation;lifetime;3.5;250.5;247;200;0.601+/-0.005;1.5587+/-0.0024;2.116627675930936e-05;-1.0159198139294852e-05;5.785290350846052e-06
366.8110781673648;244.0;E_of_T_S;lifetime;total dissipation;4.5;250.5;246;200;1.412+/-0.009;1.535+/-0.004;7.451859904167805e-05;3.4154882802430304e-05;1.7721353422982674e-05
266.86717998684776;64.0;E_of_S_L;total dissipation;spatial linear size;4.5;70.5;66;200;0.783+/-0.019;2.041+/-0.009;0.0003529912609818;-0.0001681065481851;8.464435951719702e-05
140.98542078298553;92.0;E_of_L_S;spatial linear size;total dissipation;6.5;100.5;94;200;0.894+/-0.011;1.749+/-0.012;0.0001221545941249;0.0001249309564992;0.0001352092519951
258.694709889396;65.0;E_of_T_L;lifetime;spatial linear size;3.5;70.5;67;200;1.378+/-0.014;1.256+/-0.004;0.0002024854719627;-5.338321660523598e-05;1.565316587575359e-05
382.9037593945408;193.0;E_of_L_T;spatial linear size;lifetime;5.5;200.5;195;200;0.799+/-0.005;1.2414+/-0.0030;2.6598967771739223e-05;1.4517880051567063e-05;8.775783483741888e-06
