fit function;variable;condition;left bin edge;right bin edge;count of bins;bootstrap size;amplitude from fit result;exponent from fit result;covariance c_11;covariance c_12;covariance c_22
P_of_S;total dissipation;-;5.0;100.0;94;200;(1.43+/-0.05)e+04;2.446+/-0.013;262750.5783870815;6.338265455169946;0.0001598200511022
P_of_T;lifetime;-;5.0;100.0;94;200;(4.71+/-0.14)e+04;2.886+/-0.012;2077034.5031259533;16.67591295796024;0.0001420004438541
P_of_L;spatial linear size;-;5.0;15.0;9;200;(7.6+/-0.8)e+04;3.28+/-0.05;61245020.49040952;388.4891082622468;0.0025197093830514
E_of_S_T;total dissipation;lifetime;5.0;60.0;54;200;0.715+/-0.012;1.548+/-0.006;0.000138452543935;-7.111804798714283e-05;3.8461655208823805e-05
E_of_T_S;lifetime;total dissipation;5.0;100.0;94;200;1.610+/-0.012;1.672+/-0.007;0.0001390482291669;7.753619362343106e-05;4.702086266320849e-05
E_of_S_L;total dissipation;spatial linear size;5.0;20.0;14;200;0.574+/-0.027;2.529+/-0.022;0.0007328864963259;-0.0005876315914157;0.0004825727762683
E_of_L_S;spatial linear size;total dissipation;5.0;50.0;44;200;0.991+/-0.010;2.150+/-0.017;0.000105803916401;0.0001665840785098;0.0002785109428644
E_of_T_L;lifetime;spatial linear size;5.0;20.0;14;200;1.239+/-0.032;1.458+/-0.012;0.0010385437483894;-0.0003874473786826;0.0001489808499121
E_of_L_T;spatial linear size;lifetime;5.0;50.0;44;200;0.902+/-0.008;1.483+/-0.007;6.702358980080229e-05;5.810530929986612e-05;5.344325911551979e-05
