fit function;variable;condition;left bin edge;right bin edge;count of bins;bootstrap size;amplitude from fit result;exponent from fit result;covariance c_11;covariance c_12;covariance c_22
P_of_S;total dissipation;-;5.0;500.0;494;200;(5.82+/-0.11)e+03;2.099+/-0.005;12532.212801093916;0.5510014108674459;2.5458229655726256e-05
P_of_T;lifetime;-;5.0;100.0;94;200;(1.025+/-0.028)e+04;2.167+/-0.009;79091.27061612047;2.515332941112194;8.22481824509974e-05
P_of_L;spatial linear size;-;5.0;30.0;24;200;(1.24+/-0.05)e+04;2.169+/-0.016;233353.35071922484;7.427162101330462;0.0002431909295078
E_of_S_T;total dissipation;lifetime;5.0;120.0;114;200;0.765+/-0.008;1.4930+/-0.0035;6.93943378728826e-05;-2.8353513547403764e-05;1.2238757698680605e-05
E_of_T_S;lifetime;total dissipation;5.0;400.0;394;200;1.513+/-0.007;1.5719+/-0.0031;5.422181857188171e-05;2.1834048603176227e-05;9.817115797573928e-06
E_of_S_L;total dissipation;spatial linear size;5.0;20.0;14;200;0.843+/-0.027;2.017+/-0.014;0.0007234595850931;-0.00037082544672;0.0001946934638779
E_of_L_S;spatial linear size;total dissipation;5.0;400.0;394;200;1.004+/-0.006;1.876+/-0.005;3.2770375401899595e-05;2.467972302647374e-05;2.088758805378155e-05
E_of_T_L;lifetime;spatial linear size;5.0;20.0;14;200;1.321+/-0.026;1.271+/-0.008;0.0006771738905158;-0.0002169531129483;7.155668540915358e-05
E_of_L_T;spatial linear size;lifetime;5.0;100.0;94;200;0.872+/-0.005;1.2833+/-0.0032;2.9426068199198858e-05;1.6681342063125514e-05;1.0184406159020227e-05
