chi_square;degrees_of_freedom;fit function;variable;condition;left bin edge;right bin edge;count of bins;bootstrap size;amplitude from fit result;exponent from fit result;covariance c_11;covariance c_12;covariance c_22
155.09614432925403;128.0;P_of_S;total dissipation;-;20.5;150.5;130;200;(1.09+/-0.14)e+04;2.543+/-0.033;1976797.5392956336;45.99513700852768;0.0011027768628597
63.01456816842048;68.0;P_of_T;lifetime;-;20.5;90.5;70;200;(1.09+/-0.24)e+05;3.30+/-0.06;591563192.7354871;1467.8040377239895;0.0037593768251329
9.472267926983278;3.0;P_of_L;spatial linear size;-;5.5;10.5;5;200;(5.6+/-1.5)e+04;3.59+/-0.12;212169459.34845683;1766.963101929743;0.0153695801209181
64.94270280945122;48.0;E_of_S_T;total dissipation;lifetime;30.5;80.5;50;200;0.43+/-0.08;1.72+/-0.05;0.0068075962135077;-0.0038837052678214;0.0022589608198343
85.94107783838238;78.0;E_of_T_S;lifetime;total dissipation;20.5;100.5;80;200;1.67+/-0.06;1.716+/-0.027;0.0033919195025283;0.0015851078639646;0.0007523310336444
5.80433633802631;7.0;E_of_S_L;total dissipation;spatial linear size;11.5;20.5;9;200;0.28+/-0.28;3.11+/-0.25;0.0811759111222378;-0.0638404914302989;0.0618050841522674
88.36468827134499;68.0;E_of_L_S;spatial linear size;total dissipation;30.5;100.5;70;200;1.39+/-0.08;2.94+/-0.12;0.0058967933233647;0.0090940861378749;0.0141580087089362
3.3511999353871;8.0;E_of_T_L;lifetime;spatial linear size;10.5;20.5;10;200;0.97+/-0.22;1.69+/-0.09;0.0491820043240615;-0.0195337041448515;0.0080110195462177
85.42670644514591;78.0;E_of_L_T;spatial linear size;lifetime;20.5;100.5;80;200;1.17+/-0.06;1.82+/-0.05;0.0038548742039359236;0.003058089512475896;0.002447720585732571
