chi_square;degrees_of_freedom;fit function;variable;condition;left bin edge;right bin edge;count of bins;bootstrap size;amplitude from fit result;exponent from fit result;covariance c_11;covariance c_12;covariance c_22
348.88550142894576;297.0;P_of_S;total dissipation;-;1.0;300.0;299;200;(4.09+/-0.06)e+03;2.169+/-0.006;3662.128383132496;0.3225924947774804;3.1128491335174495e-05
580.8018100023362;297.0;P_of_T;lifetime;-;1.0;300.0;299;200;(4.91+/-0.05)e+03;2.150+/-0.004;2759.927971648521;0.2159816326347101;1.7566127109749268e-05
148.39640591530136;47.0;P_of_L;spatial linear size;-;1.0;50.0;49;200;(4.50+/-0.06)e+03;2.067+/-0.007;3924.205247230056;0.4118147325177685;4.694508710300204e-05
1131.733091800079;245.0;E_of_S_T;total dissipation;lifetime;3.0;250.0;247;200;0.785+/-0.007;1.4993+/-0.0030;4.7410755141885405e-05;-1.963936154503124e-05;9.182839324402488e-06
296.5793789786503;244.0;E_of_T_S;lifetime;total dissipation;4.0;250.0;246;200;1.499+/-0.011;1.565+/-0.006;0.0001290456893497;6.019020782802244e-05;3.111516265733689e-05
320.57654086428977;64.0;E_of_S_L;total dissipation;spatial linear size;4.0;70.0;66;200;0.801+/-0.016;2.026+/-0.008;0.0002657726381816;-0.0001272116815431;6.491439957176283e-05
136.85755202429232;92.0;E_of_L_S;spatial linear size;total dissipation;6.0;100.0;94;200;0.956+/-0.011;1.802+/-0.011;0.0001275517256601;0.0001242592998758;0.0001306490242055
224.0802391057462;65.0;E_of_T_L;lifetime;spatial linear size;3.0;70.0;67;200;1.346+/-0.014;1.257+/-0.004;0.0001849821077886;-5.0892044380402646e-05;1.5367818153553546e-05
277.1894776774232;193.0;E_of_L_T;spatial linear size;lifetime;5.0;200.0;195;200;0.852+/-0.006;1.2578+/-0.0033;3.757558473644597e-05;1.9339914865956466e-05;1.0803458306253537e-05
