chi_square1;degrees_of_freedom1;chi_square_ndof1;chi_square2;degrees_of_freedom2;chi_square_ndof2;fit function;left bin edge 1;right bin edge 1;count of bins 1;left bin edge 2;right bin edge 2;count of bins 2;bootstrap size;product from fit result;number of valid fits
322.85765340540763;242.0;1.3341225347330894;97.36573545611978;61.0;1.596159597641308;gamma1_gamma3_1;6.5;250.5;244;7.5;70.5;63;200;2.044+/-0.010;200
300.0148574395907;241.0;1.244874927135231;289.8930324589121;191.0;1.5177645678477074;gamma1_gamma3_2;7.5;250.5;243;7.5;200.5;193;200;1.9308+/-0.0025;200
