chi_square;degrees_of_freedom;chi_square_ndof;fit function;variable;condition;left bin edge;right bin edge;count of bins;bootstrap size;amplitude from fit result;exponent from fit result;covariance c_11;covariance c_12;covariance c_22
340.0721916099609;297.0;1.1450242141749525;P_of_S;total dissipation;-;1.5;300.5;299;200;(3.15+/-0.05)e+03;2.108+/-0.006;2852.957652755856;0.2815322631762049;3.1027666186046004e-05
447.0619851547998;295.0;1.5154643564569483;P_of_T;lifetime;-;3.5;300.5;297;200;(5.34+/-0.11)e+03;2.177+/-0.007;13043.905734449112;0.7303196753569499;4.356528644090346e-05
380.0211129127891;47.0;8.08555559388913;P_of_L;spatial linear size;-;1.5;50.5;49;200;(3.51+/-0.06)e+03;1.995+/-0.008;4061.105638018813;0.4923187057266845;6.602838780364046e-05
325.0807371269826;242.0;1.343308831103234;E_of_S_T;total dissipation;lifetime;6.5;250.5;244;200;0.575+/-0.006;1.5711+/-0.0032;4.089242145781564e-05;-1.9391634517303125e-05;1.0003354776795268e-05
286.9201722409766;241.0;1.190540133779986;E_of_T_S;lifetime;total dissipation;7.5;250.5;243;200;1.448+/-0.029;1.554+/-0.016;0.0008612428032941;0.0004563813557802;0.0002465536871994
150.31942531035585;61.0;2.4642528739402594;E_of_S_L;total dissipation;spatial linear size;7.5;70.5;63;200;0.596+/-0.022;2.128+/-0.013;0.000497355174506;-0.0002767303414738;0.00015806242861
155.09841871811318;92.0;1.6858523773707954;E_of_L_S;spatial linear size;total dissipation;6.5;100.5;94;200;0.907+/-0.011;1.767+/-0.011;0.0001166376634527;0.0001189773358968;0.0001273810157708
94.3085350426248;61.0;1.5460415580758164;E_of_T_L;lifetime;spatial linear size;7.5;70.5;63;200;1.174+/-0.022;1.304+/-0.006;0.0004833478363535;-0.000134780532986;3.917787901898637e-05
291.14929094704667;191.0;1.5243418374190925;E_of_L_T;spatial linear size;lifetime;7.5;200.5;193;200;0.813+/-0.007;1.244+/-0.004;4.658092841783926e-05;2.442118529995181e-05;1.3625647425653203e-05
