chi_square;degrees_of_freedom;fit function;variable;condition;left bin edge;right bin edge;count of bins;bootstrap size;amplitude from fit result;exponent from fit result;covariance c_11;covariance c_12;covariance c_22
344.6671412051291;297.0;P_of_S;total dissipation;-;1.5;300.5;299;200;(3.12+/-0.06)e+03;2.105+/-0.006;3091.8320436805834;0.3129145043991337;3.5316267785445225e-05
603.4948524592087;297.0;P_of_T;lifetime;-;1.5;300.5;299;200;(4.37+/-0.06)e+03;2.129+/-0.004;3380.3911369113407;0.2477785717371085;1.975215148829685e-05
401.583032435793;47.0;P_of_L;spatial linear size;-;1.5;50.5;49;200;(3.49+/-0.06)e+03;1.993+/-0.008;4102.661135732482;0.4972606499627985;6.647874538687872e-05
398.1568386570556;245.0;E_of_S_T;total dissipation;lifetime;3.5;250.5;247;200;0.614+/-0.005;1.5546+/-0.0024;2.1589661368246724e-05;-1.057663220958396e-05;5.996969785763697e-06
307.456783907749;244.0;E_of_T_S;lifetime;total dissipation;4.5;250.5;246;200;1.404+/-0.008;1.535+/-0.004;6.810181339043917e-05;3.070768433121357e-05;1.6126240184876407e-05
264.42106246340546;64.0;E_of_S_L;total dissipation;spatial linear size;4.5;70.5;66;200;0.799+/-0.018;2.033+/-0.009;0.000322221099426;-0.0001483777839264;7.236396253702781e-05
152.63880765670513;92.0;E_of_L_S;spatial linear size;total dissipation;6.5;100.5;94;200;0.905+/-0.011;1.765+/-0.012;0.0001268046593822;0.00012759261772;0.0001368212684631
215.4848537242859;65.0;E_of_T_L;lifetime;spatial linear size;3.5;70.5;67;200;1.388+/-0.014;1.251+/-0.004;0.0001897186649404;-5.009433894449733e-05;1.473575284831609e-05
346.6690169255413;193.0;E_of_L_T;spatial linear size;lifetime;5.5;200.5;195;200;0.789+/-0.005;1.2327+/-0.0029;2.5719888697218875e-05;1.3742200197412421e-05;8.135504288383342e-06
