chi_square1;degrees_of_freedom1;chi_square_ndof1;chi_square2;degrees_of_freedom2;chi_square_ndof2;fit function;left bin edge 1;right bin edge 1;count of bins 1;left bin edge 2;right bin edge 2;count of bins 2;bootstrap size;product from fit result;number of valid fits
391.64079338008906;245.0;1.598533850530976;209.8888511707393;65.0;3.2290592487806045;gamma1_gamma3_1;3.5;250.5;247;3.5;70.5;67;200;1.945+/-0.007;200
328.1363363264775;244.0;1.3448210505183502;345.7041599942105;193.0;1.7912132642187073;gamma1_gamma3_2;4.5;250.5;246;5.5;200.5;195;200;1.8944+/-0.0018;200
