fit function;variable;condition;left bin edge;right bin edge;count of bins;bootstrap size;amplitude from fit result;exponent from fit result;covariance c_11;covariance c_12;covariance c_22
P_of_S;total dissipation;-;10.0;500.0;489;100;(6.45+/-0.30)e+03;2.119+/-0.011;91354.45584012083;3.41791375735541;0.0001312398103216
P_of_T;lifetime;-;10.0;200.0;189;100;0.9999999999999996+/-nan;0.9999999999999998+/-nan;;;
P_of_L;spatial linear size;-;10.0;60.0;49;100;0.9999999999999996+/-nan;0.9999999999999998+/-nan;;;
E_of_S_T;total dissipation;lifetime;10.0;400.0;389;100;0.9999999999999996+/-nan;0.9999999999999998+/-nan;;;
E_of_T_S;lifetime;total dissipation;10.0;400.0;389;100;1.505+/-0.010;1.569+/-0.004;0.0001073594597983;4.103396319833224e-05;1.655436754491905e-05
E_of_S_L;total dissipation;spatial linear size;10.0;20.0;9;100;0.70+/-0.07;2.09+/-0.04;0.0054353629544392;-0.0028730802153408;0.0015366038372195
E_of_L_S;spatial linear size;total dissipation;10.0;400.0;389;100;1.061+/-0.007;1.919+/-0.006;5.232460960347891e-05;4.189947457203004e-05;3.664871137282879e-05
E_of_T_L;lifetime;spatial linear size;10.0;20.0;9;100;1.20+/-0.07;1.307+/-0.021;0.0044549358302154;-0.0013936008564993;0.0004397886975061
E_of_L_T;spatial linear size;lifetime;10.0;100.0;89;100;0.918+/-0.007;1.307+/-0.004;5.5632473266671185e-05;3.0465582281950196e-05;1.7635883342960074e-05
