fit function;variable;condition;left bin edge;right bin edge;count of bins;bootstrap size;amplitude from fit result;exponent from fit result;covariance c_11;covariance c_12;covariance c_22
P_of_S;total dissipation;-;10.0;500.0;489;100;(6.45+/-0.24)e+03;2.119+/-0.009;58740.25613891148;2.138426520984253;8.170850036964447e-05
P_of_T;lifetime;-;10.0;200.0;189;100;0.9999999999999999+/-nan;1.0+/-nan;;;
P_of_L;spatial linear size;-;10.0;60.0;49;100;0.9999999999999999+/-nan;1.0+/-nan;;;
E_of_S_T;total dissipation;lifetime;10.0;400.0;389;100;0.9999999999999999+/-nan;1.0+/-nan;;;
E_of_T_S;lifetime;total dissipation;10.0;400.0;389;100;1.506+/-0.009;1.5695+/-0.0033;7.362811733048415e-05;2.67467504298188e-05;1.058675612973807e-05
E_of_S_L;total dissipation;spatial linear size;10.0;20.0;9;100;0.70+/-0.08;2.09+/-0.04;0.0066245165507335;-0.0035845650154954;0.0019593609667928
E_of_L_S;spatial linear size;total dissipation;10.0;400.0;389;100;1.061+/-0.007;1.919+/-0.006;5.100917390189e-05;3.8179174039573993e-05;3.0410964000632136e-05
E_of_T_L;lifetime;spatial linear size;10.0;20.0;9;100;1.21+/-0.07;1.303+/-0.024;0.0054355909148118;-0.0017272702381968;0.0005532773931082
E_of_L_T;spatial linear size;lifetime;10.0;100.0;89;100;0.917+/-0.008;1.307+/-0.004;6.239764804304055e-05;3.325962158217078e-05;1.8377889258450764e-05
