chi_square;degrees_of_freedom;fit function;variable;condition;left bin edge;right bin edge;count of bins;bootstrap size;amplitude from fit result;exponent from fit result;covariance c_11;covariance c_12;covariance c_22
178.0155315850713;167.0;P_of_S;total dissipation;-;1.0;170.0;169;200;(9.07+/-0.08)e+03;2.416+/-0.005;6891.936366096015;0.4175165068677838;2.645912379266913e-05
305.9083773913025;27.0;P_of_T;lifetime;-;1.0;30.0;29;200;(9.64+/-0.11)e+03;2.362+/-0.008;11403.75533005382;0.7964573478259926;5.7818720203296334e-05
3816.596377886743;8.0;P_of_L;spatial linear size;-;0.0;10.0;10;200;3510+/-15;1.795+/-0.006;236.9663728296882;0.0598254787847256;3.2339573832557456e-05
2049.321619709867;76.0;E_of_S_T;total dissipation;lifetime;2.0;80.0;78;200;1.001+/-0.010;1.412+/-0.005;9.032029812171852e-05;-4.523095785216071e-05;2.5240587914772552e-05
275.4164985162688;196.0;E_of_T_S;lifetime;total dissipation;2.0;200.0;198;200;1.584+/-0.009;1.656+/-0.006;7.538981015435631e-05;4.990533181809193e-05;3.823376129834758e-05
26.957769391753736;14.0;E_of_S_L;total dissipation;spatial linear size;4.0;20.0;16;200;0.728+/-0.025;2.417+/-0.018;0.0006458014394136;-0.0004433472073588;0.0003187890376521
670.0437085617705;294.0;E_of_L_S;spatial linear size;total dissipation;4.0;300.0;296;200;1.038+/-0.014;2.253+/-0.026;0.0001855134268396;0.0003501907528305;0.000693636749664
25.748955345934935;15.0;E_of_T_L;lifetime;spatial linear size;3.0;20.0;17;200;1.375+/-0.020;1.407+/-0.008;0.00040927271226;-0.000150161552544;5.908436363239271e-05
126.47424592121084;54.0;E_of_L_T;spatial linear size;lifetime;4.0;60.0;56;200;0.893+/-0.008;1.471+/-0.007;6.0978764343064066e-05;5.54117550448753e-05;5.4078152093963786e-05
