chi_square;degrees_of_freedom;fit function;variable;condition;left bin edge;right bin edge;count of bins;bootstrap size;amplitude from fit result;exponent from fit result;covariance c_11;covariance c_12;covariance c_22
228.174354443794;167.0;P_of_S;total dissipation;-;1.5;170.5;169;200;(6.75+/-0.10)e+03;2.344+/-0.006;9336.230566246208;0.5734362672907288;3.9516667240904414e-05
117.52972704623646;27.0;P_of_T;lifetime;-;1.5;30.5;29;200;(8.54+/-0.15)e+03;2.355+/-0.010;21565.532308756883;1.3751716858749667;9.57699901073166e-05
159.78294654138236;6.0;P_of_L;spatial linear size;-;2.5;10.5;8;200;(8.0+/-0.4)e+03;2.386+/-0.029;144255.51501619536;10.934512192253711;0.0008683573403398
59.55190791356421;70.0;E_of_S_T;total dissipation;lifetime;8.5;80.5;72;200;0.493+/-0.012;1.663+/-0.008;0.0001452073319189;-9.523111794545987e-05;6.498963651284887e-05
488.4291746638029;196.0;E_of_T_S;lifetime;total dissipation;2.5;200.5;198;200;1.402+/-0.006;1.580+/-0.004;3.107513087861321e-05;1.853566878671088e-05;1.3716226931242192e-05
11.459681737790072;10.0;E_of_S_L;total dissipation;spatial linear size;4.5;16.5;12;200;0.73+/-0.04;2.429+/-0.027;0.0015782475165466;-0.0010664085734136;0.0007377811965916
255.54037850283532;190.0;E_of_L_S;spatial linear size;total dissipation;8.5;200.5;192;200;1.098+/-0.011;2.338+/-0.015;0.0001235285146257;0.0001605477890435;0.0002271221020525
13.900850677613114;12.0;E_of_T_L;lifetime;spatial linear size;3.5;17.5;14;200;1.368+/-0.026;1.416+/-0.010;0.0007021510543157;-0.0002563338549635;9.7915669041128e-05
139.12125509900807;54.0;E_of_L_T;spatial linear size;lifetime;4.5;60.5;56;200;0.811+/-0.007;1.419+/-0.006;4.5316247518483395e-05;3.9080274237338335e-05;3.667431121347007e-05
