chi_square;degrees_of_freedom;chi_square_ndof;fit function;variable;condition;left bin edge;right bin edge;count of bins;bootstrap size;amplitude from fit result;exponent from fit result;covariance c_11;covariance c_12;covariance c_22
225.508282912614;167.0;1.3503489994767306;P_of_S;total dissipation;-;1.5;170.5;169;200;(6.82+/-0.10)e+03;2.347+/-0.007;10670.05174599271;0.647127557810065;4.376911184143527e-05
116.90016819522072;27.0;4.329635859082249;P_of_T;lifetime;-;1.5;30.5;29;200;(8.57+/-0.15)e+03;2.358+/-0.010;21463.210520966742;1.394823032961567;0.0001006516109489
138.2059235785395;6.0;23.034320596423253;P_of_L;spatial linear size;-;2.5;10.5;8;200;(7.8+/-0.4)e+03;2.382+/-0.028;132009.8305087177;10.006173898769791;0.0008022184362615
56.92934602696829;70.0;0.8132763718138327;E_of_S_T;total dissipation;lifetime;8.5;80.5;72;200;0.493+/-0.013;1.663+/-0.009;0.0001750810181938;-0.0001172009097476;8.130786348028963e-05
488.914017934396;196.0;2.49445927517549;E_of_T_S;lifetime;total dissipation;2.5;200.5;198;200;1.402+/-0.006;1.580+/-0.004;3.403434429153073e-05;2.087641726090211e-05;1.5607086664893095e-05
12.980838019151909;10.0;1.2980838019151908;E_of_S_L;total dissipation;spatial linear size;4.5;16.5;12;200;0.73+/-0.04;2.428+/-0.024;0.001266807044749;-0.0008475995388164;0.0005848807789883
247.3637017743859;190.0;1.301914219865189;E_of_L_S;spatial linear size;total dissipation;8.5;200.5;192;200;1.107+/-0.011;2.351+/-0.016;0.0001241788033712;0.0001683848887039;0.0002441364475018
13.537124123994634;12.0;1.1280936769995529;E_of_T_L;lifetime;spatial linear size;3.5;17.5;14;200;1.366+/-0.026;1.417+/-0.010;0.0006519826033309;-0.0002456235707633;9.68742657533499e-05
133.92659668477046;54.0;2.4801221608290827;E_of_L_T;spatial linear size;lifetime;4.5;60.5;56;200;0.808+/-0.006;1.417+/-0.006;4.155771270562451e-05;3.804877619876843e-05;3.7584721862159245e-05
