chi_square1;degrees_of_freedom1;chi_square_ndof1;chi_square2;degrees_of_freedom2;chi_square_ndof2;fit function;left bin edge 1;right bin edge 1;count of bins 1;left bin edge 2;right bin edge 2;count of bins 2;bootstrap size;product from fit result;number of valid fits
61.43519479685809;70.0;0.8776456399551156;12.838898978214443;12.0;1.069908248184537;gamma1_gamma3_1;8.5;80.5;72;3.5;17.5;14;200;2.358+/-0.019;200
510.9106965740151;196.0;2.6066872274184445;137.19572139479283;54.0;2.540661507310978;gamma1_gamma3_2;2.5;200.5;198;4.5;60.5;56;200;2.2335+/-0.0021;200
